{
    "10": {
        "Id": "1",
        "Name": "Yomelela Primary School",
        "SNR": -79.23639843517176,
        "Energy": 1291.7130539909883,
        "Position": [
            18.6746361,
            -34.0280533,
            7.0
        ],
        "Type": -2
    }
}