{
    "12": {
        "Id": "2",
        "Name": "Academia Primary School",
        "SNR": -74.67423575397876,
        "Energy": 1210.4638028179488,
        "Position": [
            18.6944777,
            -34.0317481,
            10.0
        ],
        "Type": -1
    }
}