{
    "65": {
        "Id": "26",
        "Name": "Rishile Lower Primary School",
        "SNR": -118.01508229164392,
        "Energy": 1724.896366169387,
        "Position": [
            27.892697,
            -26.226479,
            10.0
        ],
        "Type": -1
    }
}