{
    "48": {
        "Id": "70",
        "Name": "Altmont Technical High School",
        "SNR": -86.98304928624275,
        "Energy": 1486.3752429301035,
        "Position": [
            27.8424725,
            -26.2812357,
            10.0
        ],
        "Type": -1
    }
}