{
    "45": {
        "Id": "84",
        "Name": "Thaba Jabula Secondary School",
        "SNR": -109.67467888024751,
        "Energy": 293.2682681705528,
        "Position": [
            27.916441,
            -26.2583229,
            7.0
        ],
        "Type": 0
    }
}