{
    "85": {
        "Id": "19",
        "Name": "Tetelo Secondary School",
        "SNR": -116.38358902978926,
        "Energy": 966.3798273766604,
        "Position": [
            27.829818,
            -26.2689479,
            7.0
        ],
        "Type": -1
    }
}