{
    "48": {
        "Id": "76",
        "Name": "Fosta Records",
        "SNR": -104.28683278383318,
        "Energy": 1761.8153087380706,
        "Position": [
            27.8765626,
            -26.2026186,
            10.0
        ],
        "Type": -1
    }
}