{
    "48": {
        "Id": "7",
        "Name": "Mapetla High School",
        "SNR": -88.3697396693307,
        "Energy": 1290.273084873278,
        "Position": [
            27.8461848,
            -26.273646,
            10.0
        ],
        "Type": -1
    }
}