{
    "29": {
        "Id": "60",
        "Name": "Protea Glen College",
        "SNR": -102.83027712533651,
        "Energy": 1433.444795799729,
        "Position": [
            27.821564,
            -26.276664,
            10.0
        ],
        "Type": -1
    }
}