{
    "29": {
        "Id": "38",
        "Name": "Vuwani Secondary School",
        "SNR": -115.51974964550472,
        "Energy": 690.9370610933204,
        "Position": [
            27.8559831,
            -26.2856525,
            7.0
        ],
        "Type": -1
    }
}