{
    "48": {
        "Id": "52",
        "Name": "Tlholohelo Primary School",
        "SNR": -121.03924232485151,
        "Energy": 1350.7149086407576,
        "Position": [
            27.8489937,
            -26.2513708,
            7.0
        ],
        "Type": -1
    }
}