{
    "62": {
        "Id": "24",
        "Name": "Phafogang Secondary School",
        "SNR": -112.49270182643593,
        "Energy": 1011.1200994512654,
        "Position": [
            27.8671981,
            -26.2673203,
            10.0
        ],
        "Type": -1
    }
}