{
    "79": {
        "Id": "79",
        "Name": "Peter Lengene Community Learning Centre",
        "SNR": -72.7124169612279,
        "Energy": 1816.915434327264,
        "Position": [
            27.9161679,
            -26.2582484,
            7.0
        ],
        "Type": -1
    }
}