{
    "5": {
        "Id": "5",
        "Name": "Nkateko High School.",
        "SNR": -102.78666607263622,
        "Energy": 1281.1682661059342,
        "Position": [
            31.0729,
            -23.8664999,
            10.0
        ],
        "Type": -1
    }
}