{
    "6": {
        "Id": "6",
        "Name": "Chris Hani Arts & Culture High School",
        "SNR": -75.50920921590303,
        "Energy": 2388.664811932182,
        "Position": [
            18.705771,
            -34.047218,
            10.0
        ],
        "Type": -1
    }
}