{
    "6": {
        "Id": "14",
        "Name": "False Bay College Youth Advisory Centre",
        "SNR": -95.59399159629066,
        "Energy": 1159.6011894125425,
        "Position": [
            18.655789,
            -34.045305,
            7.0
        ],
        "Type": -1
    }
}