{
    "17": {
        "Id": "5",
        "Name": "Kukhanyile Publ Primary School",
        "SNR": -68.13028249832881,
        "Energy": 1076.9200105729242,
        "Position": [
            18.67166,
            -34.02901,
            7.0
        ],
        "Type": 0
    }
}