{
    "8": {
        "Id": "6",
        "Name": "Chris Hani Arts & Culture High School",
        "SNR": -77.96320937889705,
        "Energy": 1874.6179196653884,
        "Position": [
            18.705771,
            -34.047218,
            8.0
        ],
        "Type": 1
    }
}