{
    "22": {
        "Id": "22",
        "Name": "Taletso Tvet College",
        "SNR": -51.33233769615158,
        "Energy": 1278.0354202665058,
        "Position": [
            25.984875,
            -25.481667,
            10.0
        ],
        "Type": -1
    }
}