{
    "15": {
        "Id": "15",
        "Name": "MT Learning Academy",
        "SNR": -79.01096772689992,
        "Energy": 1797.8500051674137,
        "Position": [
            26.0754367,
            -25.5419259,
            10.0
        ],
        "Type": -1
    }
}