{
    "19": {
        "Id": "19",
        "Name": "Koos Driving School",
        "SNR": -51.18004144846482,
        "Energy": 1496.364942026965,
        "Position": [
            26.0757239,
            -25.54534,
            10.0
        ],
        "MEMBERS": {
            "3": {
                "Id": "3",
                "Name": "Ho\u00ebrskool Zeerust",
                "SNR": -62.5216228116516,
                "Energy": 1136.946245852124,
                "Position": [
                    26.0814999,
                    -25.5381699,
                    7.0
                ],
                "Type": 0
            }
        },
        "Type": -1
    }
}