{
    "19": {
        "Id": "19",
        "Name": "Koos Driving School",
        "SNR": -51.18004144846482,
        "Energy": 1496.364942026965,
        "Position": [
            26.0757239,
            -25.54534,
            10.0
        ],
        "MEMBERS": {
            "3": {
                "Id": "3",
                "Name": "Ho\u00ebrskool Zeerust",
                "SNR": -62.5216228116516,
                "Energy": 1136.946245852124,
                "Position": [
                    26.0814999,
                    -25.5381699,
                    7.0
                ],
                "Type": 0
            },
            "1": {
                "Id": "1",
                "Name": "Zeerust Primary School",
                "SNR": -64.46493929742732,
                "Energy": 298.26182010863,
                "Position": [
                    26.0734276,
                    -25.5449338,
                    7.0
                ],
                "Type": 0
            },
            "20": {
                "Id": "20",
                "Name": "Correctional Services",
                "SNR": -64.46592521543724,
                "Energy": 843.6245607882207,
                "Position": [
                    26.08346,
                    -25.541837,
                    7.0
                ],
                "Type": 0
            },
            "10": {
                "Id": "10",
                "Name": "Sesamotho Primary",
                "SNR": -67.08586986731476,
                "Energy": 1675.268040817343,
                "Position": [
                    26.06881,
                    -25.5264,
                    7.0
                ],
                "Type": -1
            }
        },
        "Type": -1
    }
}