{
    "22": {
        "Id": "22",
        "Name": "Taletso Tvet College",
        "SNR": -51.33233769615158,
        "Energy": 1278.0354202665058,
        "Position": [
            25.984875,
            -25.481667,
            10.0
        ],
        "Type": -1
    },
    "9": {
        "Id": "9",
        "Name": "Zeerust Laerskool",
        "SNR": -119.71583278802586,
        "Energy": 1615.3279295461825,
        "Position": [
            26.08596,
            -25.54542,
            10.0
        ],
        "Type": -1
    }
}