{
    "20": {
        "Id": "20",
        "Name": "Mastergucci National Youth Builder Program",
        "SNR": -111.58885401700346,
        "Energy": 1910.8363922501965,
        "Position": [
            28.4136788,
            -26.3747702,
            10.0
        ],
        "Type": -1
    }
}