{
    "6": {
        "Id": "6",
        "Name": "Sefatlhane Primary School",
        "SNR": -63.13463344243036,
        "Energy": 1644.0828011862295,
        "Position": [
            26.102598,
            -25.5650515,
            10.0
        ],
        "MEMBERS": {
            "14": {
                "Id": "14",
                "Name": "Henryville Primary",
                "SNR": -69.65037296911052,
                "Energy": 1900.4861783147894,
                "Position": [
                    26.0900382,
                    -25.5688431,
                    7.0
                ],
                "Type": 0
            },
            "13": {
                "Id": "13",
                "Name": "Computer And Careers Accredited Training Centre",
                "SNR": -72.27625746180831,
                "Energy": 618.0757936422777,
                "Position": [
                    26.069,
                    -25.5264299,
                    7.0
                ],
                "Type": 0
            },
            "3": {
                "Id": "3",
                "Name": "Ho\u00ebrskool Zeerust",
                "SNR": -73.62985655611634,
                "Energy": 1827.465536960631,
                "Position": [
                    26.0814999,
                    -25.5381699,
                    7.0
                ],
                "Type": -2
            },
            "20": {
                "Id": "20",
                "Name": "Correctional Services",
                "SNR": -73.83107091883477,
                "Energy": 948.1645128595082,
                "Position": [
                    26.08346,
                    -25.541837,
                    7.0
                ],
                "Type": 0
            },
            "5": {
                "Id": "5",
                "Name": "Henryville Primary School",
                "SNR": -76.29508250159506,
                "Energy": 1566.8636869298618,
                "Position": [
                    26.0933299,
                    -25.55483,
                    7.0
                ],
                "Type": 0
            },
            "12": {
                "Id": "12",
                "Name": "Zeerust",
                "SNR": -77.7464465268724,
                "Energy": 1489.0547436248996,
                "Position": [
                    26.1004893,
                    -25.5523445,
                    7.0
                ],
                "Type": 0
            }
        },
        "Type": -1
    }
}