{
    "18": {
        "Id": "18",
        "Name": "Mafikeng",
        "SNR": -110.49358332632008,
        "Energy": 1321.0381304547786,
        "Position": [
            26.0656998,
            -25.5580148,
            10.0
        ],
        "Type": -1
    }
}