{
    "1": {
        "Id": "1",
        "Name": "Yomelela Primary School",
        "SNR": -76.4126379330479,
        "Energy": 1535.6694796834668,
        "Position": [
            18.6746361,
            -34.0280533,
            7.0
        ],
        "Type": -1
    }
}