{
    "12": {
        "Id": "2",
        "Name": "Academia Primary School",
        "SNR": -97.73079630374606,
        "Energy": 2086.513133121387,
        "Position": [
            18.6944777,
            -34.0317481,
            10.0
        ],
        "Type": -1
    }
}