{
    "13": {
        "Id": "3",
        "Name": "Ho\u00ebrskool Zeerust",
        "SNR": -100.42785039529751,
        "Energy": 1309.4975247418297,
        "Position": [
            26.0814999,
            -25.5381699,
            7.0
        ],
        "Type": 0
    }
}