{
    "19": {
        "Id": "9",
        "Name": "Zeerust Laerskool",
        "SNR": -67.21684766865167,
        "Energy": 1179.3273126455056,
        "Position": [
            26.08596,
            -25.54542,
            10.0
        ],
        "Type": -1
    }
}