{
    "16": {
        "Id": "22",
        "Name": "Taletso Tvet College",
        "SNR": -63.48619083467969,
        "Energy": 1227.974889421599,
        "Position": [
            25.984875,
            -25.481667,
            10.0
        ],
        "Type": -1
    }
}