{
    "63": {
        "Id": "22",
        "Name": "Esiyalwini Junior Secondary School",
        "SNR": -143.2172542180415,
        "Energy": 1493.8941695025576,
        "Position": [
            27.875065,
            -26.2258639,
            7.0
        ],
        "Type": -1
    }
}