{
    "17": {
        "Id": "17",
        "Name": "murhotso clinic",
        "SNR": 83.45809223287928,
        "Energy": 15235.285678580953,
        "Position": [
            31.1439449,
            -24.5664297,
            10.0
        ],
        "MEMBERS": [
            "15",
            "33",
            "14",
            "48",
            "34",
            "2"
        ],
        "Type": -1
    },
    "40": {
        "Id": "40",
        "Name": "Manenzhe Clinic",
        "SNR": 79.89103977284397,
        "Energy": 15663.226045136076,
        "Position": [
            30.6812884,
            -22.46954969999999,
            10.0
        ],
        "MEMBERS": [
            "41",
            "22",
            "4",
            "23",
            "6",
            "27",
            "10",
            "32",
            "38",
            "39",
            "44",
            "46",
            "47",
            "21",
            "37"
        ],
        "Type": -1
    },
    "13": {
        "Id": "13",
        "Name": "Kgapane Clinic",
        "SNR": 54.70834003510138,
        "Energy": 16149.376912300006,
        "Position": [
            30.2181252,
            -23.6404178,
            10.0
        ],
        "MEMBERS": [
            "20",
            "36",
            "28",
            "25",
            "43",
            "24",
            "30",
            "19",
            "12",
            "9",
            "45",
            "18",
            "35",
            "1",
            "5",
            "49",
            "31",
            "29",
            "3",
            "16"
        ],
        "Type": -1
    }
}