{
    "20": {
        "Id": "20",
        "Name": "Elsies River",
        "SNR": 128.30045595990737,
        "Energy": 1317.0231576949861,
        "Position": [
            18.5644663,
            -33.9246926,
            7.0
        ],
        "MEMBERS": [],
        "Type": 0
    },
    "47": {
        "Id": "47",
        "Name": "Strandfontein",
        "SNR": 103.25593721854884,
        "Energy": 1520.8592741481878,
        "Position": [
            18.5769153,
            -34.0719583,
            7.0
        ],
        "MEMBERS": [],
        "Type": 0
    },
    "39": {
        "Id": "39",
        "Name": "Harare",
        "SNR": 92.04537376787246,
        "Energy": 1745.2966484411377,
        "Position": [
            18.6692399,
            -34.05168,
            7.0
        ],
        "MEMBERS": [],
        "Type": 0
    },
    "44": {
        "Id": "44",
        "Name": "Parklands",
        "SNR": 61.4390422249799,
        "Energy": 1007.3314499514258,
        "Position": [
            18.5033892,
            -33.8152792,
            7.0
        ],
        "MEMBERS": [],
        "Type": 0
    },
    "18": {
        "Id": "18",
        "Name": "Ravensmead",
        "SNR": 85.83858077216617,
        "Energy": 1699.016579078801,
        "Position": [
            18.5975052,
            -33.9223532,
            8.0
        ],
        "MEMBERS": [],
        "Type": -1
    }
}