{
    "19": {
        "Id": "19",
        "Name": "Goodwood",
        "SNR": 129.04134523804154,
        "Energy": 1847.467575255219,
        "Position": [
            18.561887,
            -33.9088634,
            7.0
        ],
        "MEMBERS": [
            "1",
            "2",
            "33",
            "3",
            "4",
            "35",
            "38",
            "5",
            "6",
            "44",
            "7",
            "8",
            "9",
            "10",
            "11",
            "12",
            "13",
            "14",
            "15",
            "16",
            "39",
            "17",
            "18",
            "20",
            "21",
            "22",
            "23",
            "24",
            "25",
            "26",
            "27",
            "28",
            "29",
            "32",
            "37",
            "43",
            "34",
            "36",
            "40",
            "41",
            "42",
            "47",
            "48",
            "45",
            "30"
        ],
        "Type": -1
    }
}