{
    "30": {
        "Id": "30",
        "Name": "Durbanville",
        "SNR": 134.60432857217936,
        "Energy": 748.2235157354055,
        "Position": [
            18.6490962,
            -33.8336749,
            7.0
        ],
        "MEMBERS": [
            "31",
            "4",
            "7",
            "36",
            "47",
            "16",
            "14",
            "10",
            "29",
            "20",
            "35",
            "11",
            "41",
            "22"
        ],
        "Type": -1
    },
    "39": {
        "Id": "39",
        "Name": "Harare",
        "SNR": 115.01985029244855,
        "Energy": 1122.9579822458672,
        "Position": [
            18.6692399,
            -34.05168,
            7.0
        ],
        "MEMBERS": [
            "46",
            "26",
            "18",
            "16",
            "2",
            "42",
            "40",
            "24",
            "9"
        ],
        "Type": -1
    },
    "6": {
        "Id": "6",
        "Name": "Maitland",
        "SNR": 79.64637888148907,
        "Energy": 1211.8166054941314,
        "Position": [
            18.4832978,
            -33.9235782,
            7.0
        ],
        "MEMBERS": [
            "23",
            "19",
            "44",
            "2",
            "48",
            "1",
            "26",
            "8",
            "17",
            "13",
            "15",
            "32",
            "28",
            "3",
            "33",
            "4",
            "45",
            "27",
            "37",
            "25"
        ],
        "Type": -1
    },
    "34": {
        "Id": "34",
        "Name": "Khayelitsha",
        "SNR": 74.77882576156192,
        "Energy": 942.5402453587865,
        "Position": [
            18.6655146,
            -34.0246198,
            7.0
        ],
        "MEMBERS": [
            "1",
            "43"
        ],
        "Type": -1
    },
    "21": {
        "Id": "21",
        "Name": "Port Of Entry",
        "SNR": 59.93505975669488,
        "Energy": 1219.1106795338849,
        "Position": [
            18.4405295,
            -33.9208648,
            8.0
        ],
        "MEMBERS": [
            "1",
            "12"
        ],
        "Type": -1
    }
}