{
    "33": {
        "Id": "33",
        "Name": "Mitchells Plain",
        "SNR": 122.0425750814038,
        "Energy": 1369.0031478421024,
        "Position": [
            18.6233739,
            -34.0477629,
            7.0
        ],
        "MEMBERS": [
            "2",
            "1",
            "24",
            "39",
            "27",
            "34",
            "32",
            "40",
            "11",
            "48",
            "14",
            "15",
            "36",
            "4",
            "13",
            "37",
            "7",
            "42",
            "19",
            "5",
            "35",
            "38",
            "9",
            "3"
        ],
        "Type": -1
    },
    "28": {
        "Id": "28",
        "Name": "Claremont",
        "SNR": 103.29007538251466,
        "Energy": 1183.2394516507811,
        "Position": [
            18.4736349,
            -33.9843399,
            7.0
        ],
        "MEMBERS": [
            "43",
            "47",
            "1",
            "10",
            "4",
            "31",
            "46",
            "30",
            "29",
            "8",
            "12",
            "2",
            "41"
        ],
        "Type": -1
    },
    "22": {
        "Id": "22",
        "Name": "Kensington",
        "SNR": 89.18372509336544,
        "Energy": 1540.025302051748,
        "Position": [
            18.5107271,
            -33.909426,
            7.0
        ],
        "MEMBERS": [
            "18",
            "20",
            "25",
            "21",
            "6"
        ],
        "Type": -1
    },
    "17": {
        "Id": "17",
        "Name": "Mowbray",
        "SNR": 58.120017306027364,
        "Energy": 1525.879552763715,
        "Position": [
            18.472104,
            -33.9501545,
            7.0
        ],
        "MEMBERS": [
            "23",
            "1",
            "16"
        ],
        "Type": -1
    },
    "44": {
        "Id": "44",
        "Name": "Parklands",
        "SNR": 80.4951171880439,
        "Energy": 1251.957244232126,
        "Position": [
            18.5033892,
            -33.8152792,
            8.0
        ],
        "MEMBERS": [],
        "Type": -1
    }
}