{
    "45": {
        "Id": "45",
        "Name": "Kraaifontein",
        "SNR": 133.19618467374997,
        "Energy": 1074.9213225390902,
        "Position": [
            18.7270844,
            -33.8567655,
            7.0
        ],
        "MEMBERS": [
            "1",
            "2",
            "3",
            "4",
            "5",
            "6",
            "7",
            "8",
            "9",
            "10",
            "11",
            "12",
            "13",
            "14",
            "15",
            "16",
            "17",
            "18",
            "19",
            "20",
            "21",
            "22",
            "23",
            "24",
            "25",
            "26",
            "27",
            "28",
            "29",
            "32",
            "43",
            "46",
            "34",
            "36",
            "40",
            "41",
            "42",
            "47",
            "48",
            "31",
            "35",
            "44",
            "39",
            "30",
            "38"
        ],
        "Type": -1
    }
}