{
    "14": {
        "Id": "14",
        "Name": "lulekani clinic",
        "SNR": 61.58231101271417,
        "Energy": 2471.6537360954267,
        "Position": [
            31.0775968,
            -23.8644321,
            10.0
        ],
        "MEMBERS": [],
        "Type": -1
    },
    "6": {
        "Id": "6",
        "Name": "Belleview Clinic",
        "SNR": 64.0180721237734,
        "Energy": 1591.7616211113032,
        "Position": [
            30.420875,
            -23.4119083,
            10.0
        ],
        "MEMBERS": [],
        "Type": -1
    },
    "17": {
        "Id": "17",
        "Name": "murhotso clinic",
        "SNR": 60.65275844092707,
        "Energy": 1896.319776206433,
        "Position": [
            31.1439449,
            -24.5664297,
            10.0
        ],
        "MEMBERS": [],
        "Type": -1
    },
    "22": {
        "Id": "22",
        "Name": "Thomo Clinic",
        "SNR": 60.45256978523096,
        "Energy": 1369.8491526372106,
        "Position": [
            30.78841,
            -23.2484469,
            10.0
        ],
        "MEMBERS": [],
        "Type": -1
    },
    "2": {
        "Id": "2",
        "Name": "Benfarm Clinic",
        "SNR": 37.96870706145597,
        "Energy": 1059.0478359488802,
        "Position": [
            31.0370016,
            -23.9160157,
            10.0
        ],
        "MEMBERS": [],
        "Type": -1
    },
    "9": {
        "Id": "9",
        "Name": "Maphalle Clinic",
        "SNR": 63.49342284231406,
        "Energy": 898.9429318613288,
        "Position": [
            30.3117192,
            -23.4682557,
            10.0
        ],
        "MEMBERS": [],
        "Type": -1
    }
}