{
    "33": {
        "Id": "33",
        "Name": "Mitchells Plain",
        "SNR": 137.429504496074,
        "Energy": 1395.4025952481718,
        "Position": [
            18.6233739,
            -34.0477629,
            7.0
        ],
        "MEMBERS": [
            "1",
            "2",
            "3",
            "4",
            "5",
            "6",
            "8",
            "9",
            "10",
            "11",
            "12",
            "13",
            "14",
            "15",
            "16",
            "17",
            "18",
            "19",
            "20",
            "21",
            "22",
            "23",
            "24",
            "25",
            "26",
            "27",
            "28",
            "32",
            "37",
            "43",
            "46",
            "34",
            "36",
            "40",
            "41",
            "42",
            "47",
            "48",
            "31",
            "35",
            "45",
            "44",
            "39",
            "30",
            "38"
        ],
        "Type": -1
    }
}