{
    "19": {
        "Id": "48",
        "Name": "P J Simelane Secondary School",
        "SNR": -109.02939205266748,
        "Energy": 1169.120620212775,
        "Position": [
            27.8595259,
            -26.2286264,
            10.0
        ],
        "Type": -1
    }
}