{
    "6": {
        "Id": "10",
        "Name": "False Bay College",
        "SNR": -81.33940868615149,
        "Energy": 1834.203029312088,
        "Position": [
            18.6540662,
            -34.0496718,
            10.0
        ],
        "Type": -1
    }
}