{
    "19": {
        "Id": "15",
        "Name": "MT Learning Academy",
        "SNR": -68.89251488198227,
        "Energy": 1840.3755361559754,
        "Position": [
            26.0754367,
            -25.5419259,
            10.0
        ],
        "Type": -1
    }
}