{
    "68": {
        "Id": "76",
        "Name": "Fosta Records",
        "SNR": -93.67002344428968,
        "Energy": 1988.939984824135,
        "Position": [
            27.8765626,
            -26.2026186,
            7.0
        ],
        "Type": -1
    }
}