{
    "48": {
        "Id": "55",
        "Name": "Isipho Lower Primary School",
        "SNR": -64.33679645974858,
        "Energy": 1771.3941539585544,
        "Position": [
            27.8736326,
            -26.2628691,
            7.0
        ],
        "Type": -1
    }
}