{
    "68": {
        "Id": "29",
        "Name": "St Angela's Primary School",
        "SNR": -106.71064386892735,
        "Energy": 897.2468977997207,
        "Position": [
            27.866275,
            -26.2202829,
            7.0
        ],
        "Type": -1
    }
}