{
    "9": {
        "Id": "71",
        "Name": "Nqobile Mhaleni",
        "SNR": -106.54778988693661,
        "Energy": 2285.26055169077,
        "Position": [
            27.8540323,
            -26.2485377,
            10.0
        ],
        "Type": -1
    }
}