{
    "75": {
        "Id": "76",
        "Name": "Fosta Records",
        "SNR": -85.79482519738755,
        "Energy": 1211.0699057800734,
        "Position": [
            27.8765626,
            -26.2026186,
            10.0
        ],
        "Type": -1
    }
}