{
    "48": {
        "Id": "10",
        "Name": "Fundani Primary School",
        "SNR": -97.03532656303628,
        "Energy": 1186.2779962393536,
        "Position": [
            27.82102,
            -26.24619,
            7.0
        ],
        "Type": -1
    }
}