{
    "75": {
        "Id": "65",
        "Name": "Chris Hani Baragwanath Nursing College",
        "SNR": -94.80220267859539,
        "Energy": 928.4179600257792,
        "Position": [
            27.9451106,
            -26.2636521,
            10.0
        ],
        "Type": -1
    }
}