{
    "68": {
        "Id": "12",
        "Name": "Protea South Primary School",
        "SNR": -79.69124591199471,
        "Energy": 925.8678289286047,
        "Position": [
            27.8397972,
            -26.2808518,
            7.0
        ],
        "Type": 0
    }
}