{
    "12": {
        "Id": "6",
        "Name": "Chris Hani Arts & Culture High School",
        "SNR": -82.98431775533959,
        "Energy": 949.9045747981706,
        "Position": [
            18.705771,
            -34.047218,
            10.0
        ],
        "Type": -1
    }
}