{
    "10": {
        "Id": "15",
        "Name": "Silulo Ulutho Technologies",
        "SNR": -71.63361002766565,
        "Energy": 1620.328191349576,
        "Position": [
            18.6647219,
            -34.027104,
            7.0
        ],
        "Type": -2
    }
}