{
    "1": {
        "Id": "22",
        "Name": "Taletso Tvet College",
        "SNR": -73.24598934993571,
        "Energy": 1153.1005593129996,
        "Position": [
            25.984875,
            -25.481667,
            10.0
        ],
        "Type": -1
    }
}