{
    "19": {
        "Id": "8",
        "Name": "Mhapha Public School",
        "SNR": -81.59733556056953,
        "Energy": 1903.4149960503632,
        "Position": [
            26.10017,
            -25.56083,
            7.0
        ],
        "Type": -1
    }
}