{
    "1": {
        "Id": "1",
        "Name": "Zeerust Primary School",
        "SNR": -97.63201932921773,
        "Energy": 1659.4680438407968,
        "Position": [
            26.0734276,
            -25.5449338,
            10.0
        ],
        "Type": -1
    }
}