{
    "57": {
        "Id": "83",
        "Name": "Slovoville Primary School",
        "SNR": -84.54487071362094,
        "Energy": 1077.869042650173,
        "Position": [
            27.7777284,
            -26.2138201,
            10.0
        ],
        "Type": -1
    }
}