{
    "48": {
        "Id": "19",
        "Name": "Tetelo Secondary School",
        "SNR": -70.03665310012478,
        "Energy": 1197.7236171533045,
        "Position": [
            27.829818,
            -26.2689479,
            10.0
        ],
        "Type": -1
    }
}