{
    "78": {
        "Id": "20",
        "Name": "Enkanyezini Primary School",
        "SNR": -112.9381624038033,
        "Energy": 1305.3781251247833,
        "Position": [
            27.8566699,
            -26.2679739,
            8.0
        ],
        "Type": 1
    }
}