{
    "57": {
        "Id": "37",
        "Name": "Heerengracht Primary School",
        "SNR": -117.05853712758972,
        "Energy": 1725.9907226549306,
        "Position": [
            27.91602,
            -26.28988,
            7.0
        ],
        "Type": -1
    }
}