{
    "38": {
        "Id": "78",
        "Name": "Mooki Memorial College",
        "SNR": -111.37492476073515,
        "Energy": 1266.5869934687191,
        "Position": [
            27.9216979,
            -26.2346558,
            7.0
        ],
        "Type": -1
    }
}