{
    "6": {
        "Id": "11",
        "Name": "Mosadikago Training",
        "SNR": -116.765681345958,
        "Energy": 658.1149050412943,
        "Position": [
            26.07543,
            -25.54225,
            7.0
        ],
        "Type": 0
    }
}