{
    "43": {
        "Id": "23",
        "Name": "Makhoarane Primary School",
        "SNR": -140.1054929805789,
        "Energy": 652.0925093612531,
        "Position": [
            27.873228,
            -26.2196359,
            7.0
        ],
        "Type": 0
    }
}