{
    "12": {
        "Id": "9",
        "Name": "Noxolo Xauka Primary School",
        "SNR": -108.06704094011518,
        "Energy": 686.5484885363429,
        "Position": [
            18.7112444,
            -34.0427626,
            10.0
        ],
        "Type": -1
    }
}