{
    "4": {
        "Id": "4",
        "Name": "Ummangaliso Primary School",
        "SNR": -62.36743494525908,
        "Energy": 1376.5282867877063,
        "Position": [
            18.6705083,
            -34.0479125,
            10.0
        ],
        "MEMBERS": {
            "15": {
                "Id": "15",
                "Name": "Silulo Ulutho Technologies",
                "SNR": -62.26046879455567,
                "Energy": 937.0178446671712,
                "Position": [
                    18.6647219,
                    -34.027104,
                    7.0
                ],
                "Type": -1
            },
            "17": {
                "Id": "17",
                "Name": "VLM Music Academy",
                "SNR": -71.0959609737796,
                "Energy": 901.8008774073494,
                "Position": [
                    18.6798895,
                    -34.0378253,
                    7.0
                ],
                "Type": 0
            },
            "1": {
                "Id": "1",
                "Name": "Yomelela Primary School",
                "SNR": -76.14597687029405,
                "Energy": 1393.2891637360879,
                "Position": [
                    18.6746361,
                    -34.0280533,
                    7.0
                ],
                "Type": -1
            },
            "5": {
                "Id": "5",
                "Name": "Kukhanyile Publ Primary School",
                "SNR": -77.82206722734051,
                "Energy": 1306.9639686338292,
                "Position": [
                    18.67166,
                    -34.02901,
                    7.0
                ],
                "Type": 0
            },
            "3": {
                "Id": "3",
                "Name": "Bulumko Secondary School",
                "SNR": -79.781578129775,
                "Energy": 805.202261675237,
                "Position": [
                    18.6727299,
                    -34.03881,
                    7.0
                ],
                "Type": -1
            },
            "2": {
                "Id": "2",
                "Name": "Academia Primary School",
                "SNR": -67.10112317312614,
                "Energy": 1244.9315421535816,
                "Position": [
                    18.6944777,
                    -34.0317481,
                    10.0
                ],
                "Type": -1
            }
        },
        "Type": -1
    },
    "14": {
        "Id": "14",
        "Name": "False Bay College Youth Advisory Centre",
        "SNR": -79.92930950157165,
        "Energy": 1562.888582419435,
        "Position": [
            18.655789,
            -34.045305,
            10.0
        ],
        "MEMBERS": {
            "7": {
                "Id": "7",
                "Name": "Vuzamanzi P P School",
                "SNR": -79.72795794469853,
                "Energy": 1122.6096446774332,
                "Position": [
                    18.6491659,
                    -34.0141349,
                    7.0
                ],
                "Type": -1
            },
            "3": {
                "Id": "3",
                "Name": "Bulumko Secondary School",
                "SNR": -79.781578129775,
                "Energy": 805.202261675237,
                "Position": [
                    18.6727299,
                    -34.03881,
                    7.0
                ],
                "Type": -1
            },
            "12": {
                "Id": "12",
                "Name": "False Bay TVET College: Swartklip Campus",
                "SNR": -82.60668014975367,
                "Energy": 2111.5989260707847,
                "Position": [
                    18.6338115,
                    -34.0323041,
                    7.0
                ],
                "Type": -1
            },
            "16": {
                "Id": "16",
                "Name": "Tree Tech Academy",
                "SNR": -83.13022837154776,
                "Energy": 1143.7140953183373,
                "Position": [
                    18.6564236,
                    -34.0455471,
                    7.0
                ],
                "Type": 0
            },
            "11": {
                "Id": "11",
                "Name": "Falsebay Khayelitsha Campus",
                "SNR": -84.97660523717192,
                "Energy": 1268.2490179737113,
                "Position": [
                    18.655772,
                    -34.045269,
                    7.0
                ],
                "Type": 0
            },
            "13": {
                "Id": "13",
                "Name": "FALSE BAY TVET COLLEGE, SWARTKLIP CAMPUS",
                "SNR": -91.273533489497,
                "Energy": 1458.6982336937926,
                "Position": [
                    18.6413872,
                    -34.0471261,
                    7.0
                ],
                "Type": -1
            },
            "10": {
                "Id": "10",
                "Name": "False Bay College",
                "SNR": -95.0924339821156,
                "Energy": 1403.3468047123604,
                "Position": [
                    18.6540662,
                    -34.0496718,
                    7.0
                ],
                "Type": 0
            },
            "8": {
                "Id": "8",
                "Name": "Eluxolweni Primary School",
                "SNR": -97.34273141347693,
                "Energy": 925.1564356112669,
                "Position": [
                    18.6701374,
                    -34.0297247,
                    7.0
                ],
                "Type": 0
            }
        },
        "Type": -1
    },
    "2": {
        "Id": "2",
        "Name": "Academia Primary School",
        "SNR": -67.10112317312614,
        "Energy": 1244.9315421535816,
        "Position": [
            18.6944777,
            -34.0317481,
            10.0
        ],
        "MEMBERS": {
            "6": {
                "Id": "6",
                "Name": "Chris Hani Arts & Culture High School",
                "SNR": -99.6115109820392,
                "Energy": 1243.3611469858324,
                "Position": [
                    18.705771,
                    -34.047218,
                    7.0
                ],
                "Type": -1
            },
            "9": {
                "Id": "9",
                "Name": "Noxolo Xauka Primary School",
                "SNR": -108.06704094011518,
                "Energy": 686.5484885363429,
                "Position": [
                    18.7112444,
                    -34.0427626,
                    7.0
                ],
                "Type": 0
            }
        },
        "Type": -1
    }
}