{
    "48": {
        "Id": "79",
        "Name": "Peter Lengene Community Learning Centre",
        "SNR": -83.82326052468089,
        "Energy": 1403.6708127440934,
        "Position": [
            27.9161679,
            -26.2582484,
            7.0
        ],
        "Type": -1
    }
}