{
    "59": {
        "Id": "68",
        "Name": "Nurses Home",
        "SNR": -106.78534728481395,
        "Energy": 1534.4124415211768,
        "Position": [
            27.9385268,
            -26.2600717,
            10.0
        ],
        "Type": -1
    }
}