{
    "48": {
        "Id": "5",
        "Name": "Curtis Nkondo School Of Specialization",
        "SNR": -89.07240336890038,
        "Energy": 649.5405575368186,
        "Position": [
            27.8241183,
            -26.2391445,
            10.0
        ],
        "Type": -1
    }
}