{
    "19": {
        "Id": "19",
        "Name": "Tetelo Secondary School",
        "SNR": -89.78188609157367,
        "Energy": 1363.6097256635853,
        "Position": [
            27.829818,
            -26.2689479,
            10.0
        ],
        "Type": -1
    }
}