{
    "25": {
        "Id": "75",
        "Name": "Pq vundla",
        "SNR": -105.06450822418573,
        "Energy": 1015.270200433245,
        "Position": [
            27.7740712,
            -26.2706574,
            7.0
        ],
        "Type": 0
    }
}