{
    "48": {
        "Id": "34",
        "Name": "Nghunghunyani Comprehensive School",
        "SNR": -82.32934238519653,
        "Energy": 1547.4015065204417,
        "Position": [
            27.87388,
            -26.2786899,
            10.0
        ],
        "Type": -1
    }
}