{
    "68": {
        "Id": "12",
        "Name": "Protea South Primary School",
        "SNR": -109.07047965177253,
        "Energy": 936.3725977452868,
        "Position": [
            27.8397972,
            -26.2808518,
            7.0
        ],
        "Type": 0
    }
}