{
    "24": {
        "Id": "50",
        "Name": "Tlhatlogang Junior Secondary School",
        "SNR": -106.57664426969178,
        "Energy": 1765.379949638921,
        "Position": [
            27.8832424,
            -26.2450305,
            10.0
        ],
        "Type": -1
    }
}