{
    "24": {
        "Id": "70",
        "Name": "Altmont Technical High School",
        "SNR": -108.50759528702184,
        "Energy": 1785.154430172128,
        "Position": [
            27.8424725,
            -26.2812357,
            7.0
        ],
        "Type": -1
    }
}