{
    "18": {
        "Id": "18",
        "Name": "Asser Maloka Secondary School",
        "SNR": -122.30518953230339,
        "Energy": 1571.1953616889855,
        "Position": [
            28.3889294,
            -26.3824893,
            8.0
        ],
        "Type": 1
    }
}