{
    "81": {
        "Id": "6",
        "Name": "St Matthews School",
        "SNR": -113.6944987065388,
        "Energy": 1908.8792772365614,
        "Position": [
            27.881219,
            -26.259996,
            7.0
        ],
        "Type": -1
    }
}