{
    "19": {
        "Id": "19",
        "Name": "Koos Driving School",
        "SNR": -58.93096207883106,
        "Energy": 1774.9296651553757,
        "Position": [
            26.0757239,
            -25.54534,
            10.0
        ],
        "MEMBERS": {
            "21": {
                "Id": "21",
                "Name": "Ackermans Zeerust",
                "SNR": -55.401582137323004,
                "Energy": 811.7145539000308,
                "Position": [
                    26.0797299,
                    -25.5449169,
                    7.0
                ],
                "Type": -1
            },
            "13": {
                "Id": "13",
                "Name": "Computer And Careers Accredited Training Centre",
                "SNR": -57.484914073209154,
                "Energy": 522.8881144213607,
                "Position": [
                    26.069,
                    -25.5264299,
                    7.0
                ],
                "Type": 0
            },
            "8": {
                "Id": "8",
                "Name": "Mhapha Public School",
                "SNR": -57.567215644906085,
                "Energy": 928.4758253811045,
                "Position": [
                    26.10017,
                    -25.56083,
                    7.0
                ],
                "Type": -2
            },
            "3": {
                "Id": "3",
                "Name": "Ho\u00ebrskool Zeerust",
                "SNR": -62.60534491010246,
                "Energy": 1687.1569398287163,
                "Position": [
                    26.0814999,
                    -25.5381699,
                    7.0
                ],
                "Type": -1
            },
            "11": {
                "Id": "11",
                "Name": "Mosadikago Training",
                "SNR": -66.09185475983838,
                "Energy": 2388.7140877141146,
                "Position": [
                    26.07543,
                    -25.54225,
                    7.0
                ],
                "Type": 0
            },
            "7": {
                "Id": "7",
                "Name": "Zeerust Combined",
                "SNR": -68.36833989461722,
                "Energy": 750.004605975377,
                "Position": [
                    26.0750306,
                    -25.5416289,
                    7.0
                ],
                "Type": -1
            }
        },
        "Type": -1
    },
    "15": {
        "Id": "15",
        "Name": "MT Learning Academy",
        "SNR": -68.89251488198227,
        "Energy": 1840.3755361559754,
        "Position": [
            26.0754367,
            -25.5419259,
            10.0
        ],
        "MEMBERS": {
            "7": {
                "Id": "7",
                "Name": "Zeerust Combined",
                "SNR": -68.36833989461722,
                "Energy": 750.004605975377,
                "Position": [
                    26.0750306,
                    -25.5416289,
                    7.0
                ],
                "Type": -1
            },
            "1": {
                "Id": "1",
                "Name": "Zeerust Primary School",
                "SNR": -69.15334168804463,
                "Energy": 1324.2613296590903,
                "Position": [
                    26.0734276,
                    -25.5449338,
                    7.0
                ],
                "Type": 0
            },
            "14": {
                "Id": "14",
                "Name": "Henryville Primary",
                "SNR": -70.50533842280986,
                "Energy": 1116.5672965491524,
                "Position": [
                    26.0900382,
                    -25.5688431,
                    7.0
                ],
                "Type": 0
            },
            "6": {
                "Id": "6",
                "Name": "Sefatlhane Primary School",
                "SNR": -71.39759004205423,
                "Energy": 1386.071649900049,
                "Position": [
                    26.102598,
                    -25.5650515,
                    7.0
                ],
                "Type": -1
            },
            "4": {
                "Id": "4",
                "Name": "Ikageleng High School",
                "SNR": -75.55899510953432,
                "Energy": 1333.1770201096658,
                "Position": [
                    26.0993299,
                    -25.56617,
                    7.0
                ],
                "Type": 0
            },
            "5": {
                "Id": "5",
                "Name": "Henryville Primary School",
                "SNR": -77.35857763251836,
                "Energy": 1642.3186556917176,
                "Position": [
                    26.0933299,
                    -25.55483,
                    7.0
                ],
                "Type": -1
            },
            "12": {
                "Id": "12",
                "Name": "Zeerust",
                "SNR": -85.27180165295644,
                "Energy": 988.0543119335524,
                "Position": [
                    26.1004893,
                    -25.5523445,
                    7.0
                ],
                "Type": -1
            }
        },
        "Type": -1
    },
    "20": {
        "Id": "20",
        "Name": "Correctional Services",
        "SNR": -96.2903994806894,
        "Energy": 1536.2225518111395,
        "Position": [
            26.08346,
            -25.541837,
            10.0
        ],
        "MEMBERS": {
            "9": {
                "Id": "9",
                "Name": "Zeerust Laerskool",
                "SNR": -92.0699207603418,
                "Energy": 1074.7384662899556,
                "Position": [
                    26.08596,
                    -25.54542,
                    7.0
                ],
                "Type": -1
            },
            "16": {
                "Id": "16",
                "Name": "S A INSTITUTE OF COMMERCE AND TECHNOLOGY",
                "SNR": -93.80097687259637,
                "Energy": 1250.45200580298,
                "Position": [
                    26.0767502,
                    -25.5441325,
                    7.0
                ],
                "Type": 0
            },
            "22": {
                "Id": "22",
                "Name": "Taletso Tvet College",
                "SNR": -88.58077929077945,
                "Energy": 1078.9481012773467,
                "Position": [
                    25.984875,
                    -25.481667,
                    7.0
                ],
                "Type": -2
            },
            "10": {
                "Id": "10",
                "Name": "Sesamotho Primary",
                "SNR": -96.28236090799602,
                "Energy": 973.5674108229503,
                "Position": [
                    26.06881,
                    -25.5264,
                    7.0
                ],
                "Type": 0
            },
            "17": {
                "Id": "17",
                "Name": "Mohapha Primary School",
                "SNR": -96.93479288005543,
                "Energy": 1417.6214706097064,
                "Position": [
                    26.1002367,
                    -25.5608717,
                    7.0
                ],
                "Type": -1
            },
            "2": {
                "Id": "2",
                "Name": "Laerskool Zeerust",
                "SNR": -108.93044279701192,
                "Energy": 667.9638540031331,
                "Position": [
                    26.08022,
                    -25.539,
                    7.0
                ],
                "Type": 0
            },
            "18": {
                "Id": "18",
                "Name": "Mafikeng",
                "SNR": -110.49358332632008,
                "Energy": 1321.0381304547786,