{
    "4": {
        "Id": "51",
        "Name": "Moriting Primary School",
        "SNR": -118.80632941654457,
        "Energy": 1516.264975654577,
        "Position": [
            27.842893,
            -26.2711114,
            7.0
        ],
        "Type": -1
    }
}