{
    "77": {
        "Id": "79",
        "Name": "Peter Lengene Community Learning Centre",
        "SNR": -93.21542056916009,
        "Energy": 1856.6813034655647,
        "Position": [
            27.9161679,
            -26.2582484,
            7.0
        ],
        "Type": -1
    }
}