{
    "2": {
        "Id": "2",
        "Name": "Majeje High School",
        "SNR": -79.52698805178633,
        "Energy": 1298.3333299007534,
        "Position": [
            31.08661459999999,
            -23.8667284,
            10.0
        ],
        "Type": -1
    }
}