{
    "48": {
        "Id": "18",
        "Name": "Emndeni Primary School",
        "SNR": -84.33533817879088,
        "Energy": 818.1061831903688,
        "Position": [
            27.821562,
            -26.2429169,
            7.0
        ],
        "Type": -1
    }
}