{
    "67": {
        "Id": "82",
        "Name": "The Plumbing Academy",
        "SNR": -124.94534068923039,
        "Energy": 1294.9148427665968,
        "Position": [
            27.8767347,
            -26.2711408,
            8.0
        ],
        "Type": 1
    }
}