{
    "84": {
        "Id": "25",
        "Name": "Entandweni Primary School",
        "SNR": -107.21220213254762,
        "Energy": 1385.1155507266503,
        "Position": [
            27.8605,
            -26.2323999,
            7.0
        ],
        "Type": -1
    }
}