{
    "21": {
        "Id": "43",
        "Name": "Winnie Madikizela-Mandela School",
        "SNR": -115.2904176350527,
        "Energy": 1711.741112468772,
        "Position": [
            27.8689629,
            -26.2729123,
            10.0
        ],
        "Type": -1
    }
}