{
    "48": {
        "Id": "13",
        "Name": "Luyolo Higher Primary School",
        "SNR": -72.36221263875018,
        "Energy": 1527.709889303034,
        "Position": [
            27.825657,
            -26.2459089,
            7.0
        ],
        "Type": -2
    }
}