{
    "74": {
        "Id": "46",
        "Name": "Itemogele Primary School",
        "SNR": -116.0258247775852,
        "Energy": 1020.7126297772124,
        "Position": [
            27.8113063,
            -26.2653818,
            7.0
        ],
        "Type": -1
    }
}