{
    "50": {
        "Id": "22",
        "Name": "Esiyalwini Junior Secondary School",
        "SNR": -110.76500168660856,
        "Energy": 666.1821745328969,
        "Position": [
            27.875065,
            -26.2258639,
            10.0
        ],
        "Type": -1
    }
}