{
    "16": {
        "Id": "4",
        "Name": "Ummangaliso Primary School",
        "SNR": -113.303651769972,
        "Energy": 1128.3654860093252,
        "Position": [
            18.6705083,
            -34.0479125,
            8.0
        ],
        "Type": 1
    }
}