{
    "7": {
        "Id": "7",
        "Name": "Majeje High.",
        "SNR": -42.65180822215943,
        "Energy": 932.8001784276266,
        "Position": [
            31.0818183,
            -23.8675,
            7.0
        ],
        "Type": 0
    },
    "4": {
        "Id": "4",
        "Name": "Nwa Risenga Primary School",
        "SNR": -52.318172394190796,
        "Energy": 1369.5808443944888,
        "Position": [
            31.08967,
            -23.8620199,
            7.0
        ],
        "Type": -2
    }
}