{
    "10": {
        "Id": "10",
        "Name": "Sumsang",
        "SNR": -95.62795498140139,
        "Energy": 1376.2290727310126,
        "Position": [
            31.0773128,
            -23.8611506,
            10.0
        ],
        "Type": -1
    }
}