{
    "10": {
        "Id": "5",
        "Name": "Kukhanyile Publ Primary School",
        "SNR": -85.55567843300472,
        "Energy": 1633.8124350047674,
        "Position": [
            18.67166,
            -34.02901,
            7.0
        ],
        "Type": -1
    }
}