{
    "17": {
        "Id": "17",
        "Name": "VLM Music Academy",
        "SNR": -115.80279876022333,
        "Energy": 1875.7883538460283,
        "Position": [
            18.6798895,
            -34.0378253,
            10.0
        ],
        "Type": -1
    }
}