{
    "14": {
        "Id": "12",
        "Name": "False Bay TVET College: Swartklip Campus",
        "SNR": -100.40768740039269,
        "Energy": 623.9725754863896,
        "Position": [
            18.6338115,
            -34.0323041,
            10.0
        ],
        "Type": -1
    }
}