{
    "48": {
        "Id": "60",
        "Name": "Protea Glen College",
        "SNR": -60.73825875981555,
        "Energy": 986.1126822680898,
        "Position": [
            27.821564,
            -26.276664,
            10.0
        ],
        "Type": -1
    }
}