{
    "65": {
        "Id": "65",
        "Name": "Chris Hani Baragwanath Nursing College",
        "SNR": -120.18548939956585,
        "Energy": 2091.321000799295,
        "Position": [
            27.9451106,
            -26.2636521,
            10.0
        ],
        "Type": -1
    }
}