{
    "22": {
        "Id": "17",
        "Name": "Rebone Primary School",
        "SNR": -111.87285157878824,
        "Energy": 1069.4728739387438,
        "Position": [
            27.81666,
            -26.25611,
            7.0
        ],
        "Type": -1
    }
}