{
    "43": {
        "Id": "75",
        "Name": "Pq vundla",
        "SNR": -87.478957755717,
        "Energy": 1270.8395133871768,
        "Position": [
            27.7740712,
            -26.2706574,
            7.0
        ],
        "Type": 0
    }
}