{
    "6": {
        "Id": "11",
        "Name": "Falsebay Khayelitsha Campus",
        "SNR": -100.74074456336434,
        "Energy": 1948.1022198459177,
        "Position": [
            18.655772,
            -34.045269,
            7.0
        ],
        "Type": -1
    }
}