{
    "74": {
        "Id": "74",
        "Name": "Makentse",
        "SNR": -109.82035254679334,
        "Energy": 775.6606547492231,
        "Position": [
            27.8078506,
            -26.2374065,
            8.0
        ],
        "Type": 1
    }
}