{
    "19": {
        "Id": "19",
        "Name": "Koos Driving School",
        "SNR": -95.64772715785463,
        "Energy": 1408.124515085061,
        "Position": [
            26.0757239,
            -25.54534,
            10.0
        ],
        "Type": -1
    }
}