{
    "15": {
        "Id": "22",
        "Name": "Taletso Tvet College",
        "SNR": -67.12057121991569,
        "Energy": 1308.8134671718226,
        "Position": [
            25.984875,
            -25.481667,
            10.0
        ],
        "Type": -1
    }
}