{
    "18": {
        "Id": "18",
        "Name": "Asser Maloka Secondary School",
        "SNR": -110.49358332632008,
        "Energy": 1321.0381304547786,
        "Position": [
            28.3889294,
            -26.3824893,
            10.0
        ],
        "Type": -1
    }
}