{
    "83": {
        "Id": "83",
        "Name": "Slovoville Primary School",
        "SNR": -79.55796496723926,
        "Energy": 1285.7526650645218,
        "Position": [
            27.7777284,
            -26.2138201,
            7.0
        ],
        "Type": -1
    }
}