{
    "62": {
        "Id": "62",
        "Name": "Teacher Development Centre (Central District D14)",
        "SNR": -65.20108008923327,
        "Energy": 1200.662227456542,
        "Position": [
            27.8742959,
            -26.2660226,
            7.0
        ],
        "Type": 0
    },
    "9": {
        "Id": "9",
        "Name": "Ditau Primary School",
        "SNR": -65.39854933988366,
        "Energy": 1266.0300551864634,
        "Position": [
            27.92174,
            -26.24879,
            10.0
        ],
        "Type": -1
    },
    "76": {
        "Id": "76",
        "Name": "Fosta Records",
        "SNR": -69.57167241567632,
        "Energy": 1130.5894286061864,
        "Position": [
            27.8765626,
            -26.2026186,
            7.0
        ],
        "Type": -1
    },
    "15": {
        "Id": "15",
        "Name": "DSJ Primary School",
        "SNR": -69.978042277001,
        "Energy": 675.9200725781433,
        "Position": [
            27.8563036,
            -26.2219648,
            7.0
        ],
        "Type": -1
    },
    "83": {
        "Id": "83",
        "Name": "Slovoville Primary School",
        "SNR": -79.55796496723926,
        "Energy": 1285.7526650645218,
        "Position": [
            27.7777284,
            -26.2138201,
            7.0
        ],
        "Type": -1
    },
    "12": {
        "Id": "12",
        "Name": "Protea South Primary School",
        "SNR": -84.55184843992585,
        "Energy": 1620.8947229989794,
        "Position": [
            27.8397972,
            -26.2808518,
            10.0
        ],
        "Type": -1
    },
    "55": {
        "Id": "55",
        "Name": "Isipho Lower Primary School",
        "SNR": -88.4188581941863,
        "Energy": 2581.358863768843,
        "Position": [
            27.8736326,
            -26.2628691,
            7.0
        ],
        "Type": -1
    },
    "52": {
        "Id": "52",
        "Name": "Tlholohelo Primary School",
        "SNR": -93.82141016502041,
        "Energy": 1368.4351917694228,
        "Position": [
            27.8489937,
            -26.2513708,
            7.0
        ],
        "Type": -1
    },
    "51": {
        "Id": "51",
        "Name": "Moriting Primary School",
        "SNR": -96.59565783018493,
        "Energy": 1402.6248218426954,
        "Position": [
            27.842893,
            -26.2711114,
            7.0
        ],
        "Type": -1
    }
}