{
    "15": {
        "Id": "14",
        "Name": "False Bay College Youth Advisory Centre",
        "SNR": -89.92004403827117,
        "Energy": 1636.2010245087838,
        "Position": [
            18.655789,
            -34.045305,
            7.0
        ],
        "Type": -1
    }
}