{
    "48": {
        "Id": "38",
        "Name": "Vuwani Secondary School",
        "SNR": -86.69287959905209,
        "Energy": 2136.029977972898,
        "Position": [
            27.8559831,
            -26.2856525,
            10.0
        ],
        "Type": -1
    }
}