{
    "80": {
        "Id": "68",
        "Name": "Nurses Home",
        "SNR": -110.99031555889901,
        "Energy": 986.5238369331623,
        "Position": [
            27.9385268,
            -26.2600717,
            10.0
        ],
        "Type": -1
    }
}