{
    "48": {
        "Id": "50",
        "Name": "Tlhatlogang Junior Secondary School",
        "SNR": -102.63283988336897,
        "Energy": 723.5294425536493,
        "Position": [
            27.8832424,
            -26.2450305,
            10.0
        ],
        "Type": -1
    }
}