{
    "64": {
        "Id": "8",
        "Name": "Anchor High School",
        "SNR": -134.18721309710799,
        "Energy": 993.5928792547297,
        "Position": [
            27.914014,
            -26.219638,
            8.0
        ],
        "Type": 1
    }
}