{
    "51": {
        "Id": "12",
        "Name": "Protea South Primary School",
        "SNR": -113.52543625282742,
        "Energy": 689.8118507180085,
        "Position": [
            27.8397972,
            -26.2808518,
            7.0
        ],
        "Type": 0
    }
}