{
    "7": {
        "Id": "30",
        "Name": "Ibhongo Secondary School",
        "SNR": -86.45043955400261,
        "Energy": 1434.5385788701333,
        "Position": [
            27.874548,
            -26.2725039,
            7.0
        ],
        "Type": -1
    }
}