{
    "47": {
        "Id": "34",
        "Name": "Nghunghunyani Comprehensive School",
        "SNR": -103.74632715171855,
        "Energy": 1413.9436193027223,
        "Position": [
            27.87388,
            -26.2786899,
            7.0
        ],
        "Type": 2
    }
}