{
    "14": {
        "Id": "2",
        "Name": "Academia Primary School",
        "SNR": -88.71313369004434,
        "Energy": 1644.2273662192035,
        "Position": [
            18.6944777,
            -34.0317481,
            7.0
        ],
        "Type": -1
    }
}