{
    "7": {
        "Id": "6",
        "Name": "Pondo Combined School",
        "SNR": -116.83202121132365,
        "Energy": 142.89126065941537,
        "Position": [
            31.0715,
            -23.8701699,
            7.0
        ],
        "Type": 0
    }
}