{
    "10": {
        "Id": "14",
        "Name": "False Bay College Youth Advisory Centre",
        "SNR": -119.18123484846215,
        "Energy": 1679.0558465863069,
        "Position": [
            18.655789,
            -34.045305,
            7.0
        ],
        "Type": -2
    }
}