{
    "10": {
        "Id": "1",
        "Name": "Yomelela Primary School",
        "SNR": -69.35179680179351,
        "Energy": 1525.04784672783,
        "Position": [
            18.6746361,
            -34.0280533,
            7.0
        ],
        "Type": -1
    }
}