{
    "13": {
        "Id": "11",
        "Name": "Falsebay Khayelitsha Campus",
        "SNR": -89.73184396017754,
        "Energy": 1073.2296361378537,
        "Position": [
            18.655772,
            -34.045269,
            7.0
        ],
        "Type": -1
    }
}