{
    "13": {
        "Id": "8",
        "Name": "Eluxolweni Primary School",
        "SNR": -95.11642693109962,
        "Energy": 1635.8570199881528,
        "Position": [
            18.6701374,
            -34.0297247,
            7.0
        ],
        "Type": 2
    }
}