{
    "6": {
        "Id": "48",
        "Name": "P J Simelane Secondary School",
        "SNR": -126.54489542405503,
        "Energy": 2122.6553161837924,
        "Position": [
            27.8595259,
            -26.2286264,
            7.0
        ],
        "Type": -2
    }
}