{
    "19": {
        "Id": "83",
        "Name": "Slovoville Primary School",
        "SNR": -59.46373936556505,
        "Energy": 950.6889002557801,
        "Position": [
            27.7777284,
            -26.2138201,
            7.0
        ],
        "Type": -1
    }
}