{
    "48": {
        "Id": "77",
        "Name": "Community Matric Learning Centre",
        "SNR": -102.70498974583685,
        "Energy": 627.9381702627785,
        "Position": [
            27.9233,
            -26.23329,
            7.0
        ],
        "Type": 0
    }
}