{
    "48": {
        "Id": "30",
        "Name": "Ibhongo Secondary School",
        "SNR": -84.25289440531965,
        "Energy": 2026.6396254629392,
        "Position": [
            27.874548,
            -26.2725039,
            7.0
        ],
        "Type": -1
    }
}