{
    "71": {
        "Id": "22",
        "Name": "Esiyalwini Junior Secondary School",
        "SNR": -105.65660950693064,
        "Energy": 904.2188862806743,
        "Position": [
            27.875065,
            -26.2258639,
            8.0
        ],
        "Type": 1
    }
}