{
    "35": {
        "Id": "13",
        "Name": "Luyolo Higher Primary School",
        "SNR": -109.12077796663544,
        "Energy": 1348.7386442899976,
        "Position": [
            27.825657,
            -26.2459089,
            7.0
        ],
        "Type": -1
    }
}