{
    "83": {
        "Id": "83",
        "Name": "Slovoville Primary School",
        "SNR": -87.87932676886744,
        "Energy": 1326.4439415036165,
        "Position": [
            27.7777284,
            -26.2138201,
            10.0
        ],
        "Type": -1
    }
}