{
    "6": {
        "Id": "6",
        "Name": "Pondo Combined School",
        "SNR": -75.50920921590303,
        "Energy": 2388.664811932182,
        "Position": [
            31.0715,
            -23.8701699,
            10.0
        ],
        "Type": -1
    }
}