{
    "6": {
        "Id": "8",
        "Name": "Eluxolweni Primary School",
        "SNR": -94.51371447919195,
        "Energy": 1422.216812885943,
        "Position": [
            18.6701374,
            -34.0297247,
            7.0
        ],
        "Type": 2
    }
}