{
    "6": {
        "Id": "6",
        "Name": "Chris Hani Arts & Culture High School",
        "SNR": -91.39620189166938,
        "Energy": 1412.1711552179165,
        "Position": [
            18.705771,
            -34.047218,
            10.0
        ],
        "Type": -1
    }
}