{
    "9": {
        "Id": "9",
        "Name": "Esibonelwesihle High School",
        "SNR": -62.26341412644696,
        "Energy": 1895.21966304559,
        "Position": [
            28.404309,
            -26.3705469,
            7.0
        ],
        "Type": -1
    }
}