{
    "12": {
        "Id": "12",
        "Name": "Mom Sebone Secondary School",
        "SNR": -68.98894968000145,
        "Energy": 1640.9821272595166,
        "Position": [
            28.3973464,
            -26.3768148,
            10.0
        ],
        "Type": -1
    },
    "3": {
        "Id": "3",
        "Name": "Edalinceba Primary School",
        "SNR": -69.32464515187861,
        "Energy": 1862.5421518798885,
        "Position": [
            28.40379,
            -26.36945,
            7.0
        ],
        "Type": -1
    },
    "11": {
        "Id": "11",
        "Name": "Zakheni Primary School",
        "SNR": -85.86742699090945,
        "Energy": 2025.7135594498945,
        "Position": [
            28.406727,
            -26.37388,
            7.0
        ],
        "Type": -1
    }
}