{
    "nodes": {
        "N15": {
            "x": 540.6006723231421,
            "y": 5451.8130885823875
        },
        "N17": {
            "x": 5175.871876314431,
            "y": 3290.7000700962762
        },
        "N31": {
            "x": 336.043668223239,
            "y": 2960.9817523759666
        },
        "N32": {
            "x": -567.3291758216928,
            "y": 4486.680150735598
        },
        "N34": {
            "x": 2317.028469149139,
            "y": 5662.726241941189
        },
        "N82": {
            "x": 800.3335390359179,
            "y": 2484.7644824311838
        },
        "N115": {
            "x": 45.14532822112511,
            "y": -648.937135330892
        },
        "N117": {
            "x": 524.4037482336475,
            "y": 1910.404456288433
        },
        "N129": {
            "x": -1190.1001117049689,
            "y": 4600.8919500892525
        },
        "N135": {
            "x": -285.19817047224046,
            "y": 1892.593192752279
        },
        "N136": {
            "x": 1050.865717869466,
            "y": 2408.6856466062177
        },
        "N139": {
            "x": -3281.452180478462,
            "y": 2973.8572519164436
        },
        "N143": {
            "x": -238.57678925107408,
            "y": -712.8093987294989
        },
        "N154": {
            "x": 522.2387823921044,
            "y": 1914.7695635415441
        },
        "N155": {
            "x": -285.19817047224046,
            "y": 1892.593192752279
        },
        "N181": {
            "x": -852.0328315438896,
            "y": -2267.104499495778
        },
        "N191": {
            "x": -2516.8272540730172,
            "y": 4027.9399644236996
        },
        "N228": {
            "x": 102.99763187153053,
            "y": 2140.781274874977
        },
        "N262": {
            "x": 4041.9667172550285,
            "y": 4003.8699216257287
        },
        "N287": {
            "x": 2279.993200993077,
            "y": 5689.858709046654
        },
        "N291": {
            "x": 2553.7683031182887,
            "y": 1286.2031166351296
        },
        "N328": {
            "x": 523.7194774263498,
            "y": 1905.7546157009415
        },
        "N339": {
            "x": 515.5123320497004,
            "y": 1904.8499620370164
        },
        "N448": {
            "x": 3997.8798303017848,
            "y": 3769.504723148184
        },
        "N486": {
            "x": 2659.004834107611,
            "y": 1316.0472144895718
        },
        "N487": {
            "x": -753.6868891504663,
            "y": -2191.9509995648846
        },
        "N519": {
            "x": 2305.6735857375393,
            "y": 5670.861793955185
        },
        "N540": {
            "x": -1267.2725931966427,
            "y": 3247.397113597923
        },
        "N550": {
            "x": 2432.1789090006478,
            "y": 5645.282417977348
        },
        "N582": {
            "x": -1241.2810905503281,
            "y": 3428.5514365046515
        }
    }
}