{
    "nodes": {
        "P1": {},
        "N1": {
            "x": 1236.2784935613874,
            "y": -2138.184074399191,
            "RE": 14215.331244783145
        },
        "N2": {
            "x": 2051.10495729213,
            "y": -816.6816642502988,
            "RE": 12059.943543728037
        },
        "N3": {
            "x": -111.36683486847961,
            "y": -2380.972545417229,
            "RE": 13335.617076400089
        },
        "N4": {
            "x": -1185.327129486683,
            "y": 972.5095189969853,
            "RE": 13872.329048855516
        },
        "N5": {
            "x": -316.664629281534,
            "y": 550.1256361313434,
            "RE": 12512.554853251988
        },
        "N6": {
            "x": -518.2001185187473,
            "y": 798.3319360836591,
            "RE": 13630.262082135485
        },
        "N7": {
            "x": -703.3160669553931,
            "y": 1667.5259330366493,
            "RE": 12881.400804091467
        },
        "N8": {
            "x": -59.01720886492801,
            "y": 42.225845473801,
            "RE": 14745.34975536238
        },
        "N9": {
            "x": -267.966004036269,
            "y": 532.0140931762252,
            "RE": 13592.167922382729
        },
        "N10": {
            "x": -3583.125473819219,
            "y": 1963.92611521618,
            "RE": 12800.872562851226
        },
        "N11": {
            "x": -1963.2852477910508,
            "y": 1700.9805144937748,
            "RE": 13215.164921723292
        },
        "N12": {
            "x": -104.57665954568185,
            "y": -2689.2798409557936,
            "RE": 13599.024016777239
        },
        "N13": {
            "x": 181.89666292956053,
            "y": -464.8370701787119,
            "RE": 16149.376912300006
        },
        "N14": {
            "x": 1789.3018300857645,
            "y": -629.5814553693239,
            "RE": 12165.64540271256
        },
        "N15": {
            "x": 540.6006723231421,
            "y": -320.200361950885,
            "RE": 14455.141904525597
        },
        "N16": {
            "x": 884.7660979876222,
            "y": -1946.6554348206846,
            "RE": 13170.103192021954
        },
        "N17": {
            "x": 5175.871876314431,
            "y": -1443.5130314114533,
            "RE": 15235.285678580953
        },
        "N18": {
            "x": -337.883099221435,
            "y": 200.19116804441907,
            "RE": 13126.705680864216
        },
        "N19": {
            "x": 511.84242806298823,
            "y": -1577.9542316940594,
            "RE": 14822.254155279057
        },
        "N20": {
            "x": 963.2951683591948,
            "y": -2605.5284143632775,
            "RE": 13952.644054782239
        },
        "N21": {
            "x": -3460.334898690209,
            "y": 1910.4814681717703,
            "RE": 15058.206695799818
        },
        "N22": {
            "x": -1589.5463626352484,
            "y": 1152.9264332948435,
            "RE": 12934.357450985939
        },
        "N23": {
            "x": -1208.215157501812,
            "y": 1002.6312731091505,
            "RE": 14635.71611852545
        },
        "N24": {
            "x": 545.8873906895442,
            "y": -1655.883173944646,
            "RE": 14154.565195082314
        },
        "N25": {
            "x": 982.3413330754589,
            "y": -1783.680280755049,
            "RE": 14644.045592942024
        },
        "N26": {
            "x": -761.6991232716764,
            "y": 953.7868014437058,
            "RE": 13248.970455215991
        },
        "N27": {
            "x": -1180.0588150562617,
            "y": 1042.5935359476453,
            "RE": 12991.081079128817
        },
        "N28": {
            "x": 195.49158159041528,
            "y": -465.67773921413635,
            "RE": 12627.800533788799
        },
        "N29": {
            "x": 397.0767636616944,
            "y": -611.0828676806286,
            "RE": 12442.515826121169
        },
        "N30": {
            "x": 1048.0398025463421,
            "y": -1754.2377085290323,
            "RE": 13005.432326855476
        },
        "N31": {
            "x": 336.043668223239,
            "y": -634.5472561820412,
            "RE": 13754.606725048707
        },
        "N32": {
            "x": -567.3291758216928,
            "y": 562.3143980621836,
            "RE": 13392.828359284047
        },
        "N33": {
            "x": 760.6860842258795,
            "y": -364.1490898646246,
            "RE": 12451.880327684956
        },
        "N34": {
            "x": 2317.028469149139,
            "y": -667.7607681967648,
            "RE": 14790.682292535563
        },
        "N35": {
            "x": 497.0207243005294,
            "y": -1564.1604344844602,
            "RE": 14601.460833963032
        },
        "N36": {
            "x": 502.73794053739664,
            "y": -1558.5448554718657,
            "RE": 12365.035674492814
        },
        "N37": {
            "x": -2149.80920364706,
            "y": 1982.1648198406754,
            "RE": 12480.627202801234
        },
        "N38": {
            "x": -3715.148837544481,
            "y": 2698.059848082892,
            "RE": 14230.996833044912
        },
        "N39": {
            "x": -4835.28292053936,
            "y": 2890.206949645521,
            "RE": 12304.043967631154
        },
        "N40": {
            "x": -4194.633092854384,
            "y": 3789.0335417970873,
            "RE": 15663.226045136076
        },
        "N41": {
            "x": -2507.146749330148,
            "y": 2174.3186765636005,
            "RE": 11730.595013818442
        },
        "N42": {
            "x": -1858.752481629985,
            "y": 1154.7705774982437,
            "RE": 14274.209562911958
        },
        "N43": {
            "x": -317.9253540569048,
            "y": 2150.71321945318,
            "RE": 11760.130754674132
        },
        "N44": {
            "x": -567.0741138499511,
            "y": 2182.2457177094752,
            "RE": 13275.06861554682
        },
        "N45": {
            "x": 1037.7287572646203,
            "y": -1917.5623680766826,
            "RE": 14184.36513276303
        },
        "N46": {
            "x": -598.2287986880319,
            "y": 1305.178186738179,
            "RE": 12636.81204412791
        },
        "N47": {
            "x": -1413.9103121882317,
            "y": 1648.60016494054,
            "RE": 12920.548917527123
        },
        "N48": {
            "x": 97.21557357483279,
            "y": -58.575633170950034,
            "RE": 14886.04661166422
        },
        "N49": {
            "x": -802.7768237612685,
            "y": -2006.5228991928707,
            "RE": 11891.76931946352
        }
    },
    "links": [
        {
            "from": "N17",
            "to": "P1",
            "SNR": 83.45809223287928
        },
        {
            "from": "N15",
            "to": "N17",
            "SNR": 98.5511227864215
        },
        {
            "from": "N33",
            "to": "N17",
            "SNR": 84.06148450341593
        },
        {
            "from": "N14",
            "to": "N17",
            "SNR": 80.30928452912457
        },
        {
            "from": "N48",
            "to": "N17",
            "SNR": 55.01039717911344
        },
        {
            "from": "N34",
            "to": "N17",
            "SNR": 44.2744156538772
        },
        {
            "from": "N2",
            "to": "N17",
            "SNR": 36.762713649418885
        },
        {
            "from": "N40",
            "to": "P1",
            "SNR": 79.89103977284397
        },
        {
            "from": "N41",
            "to": "N40",
            "SNR": 104.35929126736167
        },
        {
            "from": "N22",
            "to": "N40",
            "SNR": 97.31442253321154
        },
        {
            "from": "N4",
            "to": "N40",