{
    "nodes": {
        "P1": {},
        "N1": {
            "x": 1236.2784935613874,
            "y": -2138.184074399191,
            "RE": 13297.67564670393
        },
        "N2": {
            "x": 2051.10495729213,
            "y": -816.6816642502988,
            "RE": 15461.162862423753
        },
        "N3": {
            "x": -111.36683486847961,
            "y": -2380.972545417229,
            "RE": 14523.876769319317
        },
        "N4": {
            "x": -1185.327129486683,
            "y": 972.5095189969853,
            "RE": 14383.967258582528
        },
        "N5": {
            "x": -316.664629281534,
            "y": 550.1256361313434,
            "RE": 12515.105707996143
        },
        "N6": {
            "x": -518.2001185187473,
            "y": 798.3319360836591,
            "RE": 14709.25897993853
        },
        "N7": {
            "x": -703.3160669553931,
            "y": 1667.5259330366493,
            "RE": 15099.955785493521
        },
        "N8": {
            "x": -59.01720886492801,
            "y": 42.225845473801,
            "RE": 12475.130049838452
        },
        "N9": {
            "x": -267.966004036269,
            "y": 532.0140931762252,
            "RE": 12892.42526657545
        },
        "N10": {
            "x": -3583.125473819219,
            "y": 1963.92611521618,
            "RE": 13427.034076554339
        },
        "N11": {
            "x": -1963.2852477910508,
            "y": 1700.9805144937748,
            "RE": 13727.439550441688
        },
        "N12": {
            "x": -104.57665954568185,
            "y": -2689.2798409557936,
            "RE": 12281.208020327074
        },
        "N13": {
            "x": 181.89666292956053,
            "y": -464.8370701787119,
            "RE": 13907.788717253574
        },
        "N14": {
            "x": 1789.3018300857645,
            "y": -629.5814553693239,
            "RE": 13262.394982890546
        },
        "N15": {
            "x": 540.6006723231421,
            "y": -320.200361950885,
            "RE": 11102.463125628849
        },
        "N16": {
            "x": 884.7660979876222,
            "y": -1946.6554348206846,
            "RE": 12670.776286345279
        },
        "N17": {
            "x": 5175.871876314431,
            "y": -1443.5130314114533,
            "RE": 14585.138287825
        },
        "N18": {
            "x": -337.883099221435,
            "y": 200.19116804441907,
            "RE": 12788.517840986598
        },
        "N19": {
            "x": 511.84242806298823,
            "y": -1577.9542316940594,
            "RE": 12186.17875404351
        },
        "N20": {
            "x": 963.2951683591948,
            "y": -2605.5284143632775,
            "RE": 14213.372018919656
        },
        "N21": {
            "x": -3460.334898690209,
            "y": 1910.4814681717703,
            "RE": 11839.150844677812
        },
        "N22": {
            "x": -1589.5463626352484,
            "y": 1152.9264332948435,
            "RE": 15160.842242196546
        },
        "N23": {
            "x": -1208.215157501812,
            "y": 1002.6312731091505,
            "RE": 13890.707415321149
        },
        "N24": {
            "x": 545.8873906895442,
            "y": -1655.883173944646,
            "RE": 12496.772521823503
        },
        "N25": {
            "x": 982.3413330754589,
            "y": -1783.680280755049,
            "RE": 12223.083797351002
        },
        "N26": {
            "x": -761.6991232716764,
            "y": 953.7868014437058,
            "RE": 13326.567774439565
        },
        "N27": {
            "x": -1180.0588150562617,
            "y": 1042.5935359476453,
            "RE": 13634.92189209699
        },
        "N28": {
            "x": 195.49158159041528,
            "y": -465.67773921413635,
            "RE": 14378.212051297018
        },
        "N29": {
            "x": 397.0767636616944,
            "y": -611.0828676806286,
            "RE": 12934.298840004936
        },
        "N30": {
            "x": 1048.0398025463421,
            "y": -1754.2377085290323,
            "RE": 13026.643949722786
        },
        "N31": {
            "x": 336.043668223239,
            "y": -634.5472561820412,
            "RE": 13087.095431276548
        },
        "N32": {
            "x": -567.3291758216928,
            "y": 562.3143980621836,
            "RE": 13416.748221579926
        },
        "N33": {
            "x": 760.6860842258795,
            "y": -364.1490898646246,
            "RE": 13055.647345013602
        },
        "N34": {
            "x": 2317.028469149139,
            "y": -667.7607681967648,
            "RE": 14925.77830322984
        },
        "N35": {
            "x": 497.0207243005294,
            "y": -1564.1604344844602,
            "RE": 13594.195066291526
        },
        "N36": {
            "x": 502.73794053739664,
            "y": -1558.5448554718657,
            "RE": 13528.369537827019
        },
        "N37": {
            "x": -2149.80920364706,
            "y": 1982.1648198406754,
            "RE": 12938.595229680035
        },
        "N38": {
            "x": -3715.148837544481,
            "y": 2698.059848082892,
            "RE": 12862.402017678189
        },
        "N39": {
            "x": -4835.28292053936,
            "y": 2890.206949645521,
            "RE": 14953.42784246548
        },
        "N40": {
            "x": -4194.633092854384,
            "y": 3789.0335417970873,
            "RE": 15162.651029195467
        },
        "N41": {
            "x": -2507.146749330148,
            "y": 2174.3186765636005,
            "RE": 12635.8932556893
        },
        "N42": {
            "x": -1858.752481629985,
            "y": 1154.7705774982437,
            "RE": 13712.81137327077
        },
        "N43": {
            "x": -317.9253540569048,
            "y": 2150.71321945318,
            "RE": 12949.342421421485
        },
        "N44": {
            "x": -567.0741138499511,
            "y": 2182.2457177094752,
            "RE": 13651.805508167237
        },
        "N45": {
            "x": 1037.7287572646203,
            "y": -1917.5623680766826,
            "RE": 14286.79006533264
        },
        "N46": {
            "x": -598.2287986880319,
            "y": 1305.178186738179,
            "RE": 13852.80445955142
        },
        "N47": {
            "x": -1413.9103121882317,
            "y": 1648.60016494054,
            "RE": 14519.208039148234
        },
        "N48": {
            "x": 97.21557357483279,
            "y": -58.575633170950034,
            "RE": 13658.824859176248
        },
        "N49": {
            "x": -802.7768237612685,
            "y": -2006.5228991928707,
            "RE": 11999.05745114353
        }
    },
    "links": [
        {
            "from": "N7",
            "to": "P1",
            "SNR": 113.40715768537139
        },
        {
            "from": "N15",
            "to": "N7",
            "SNR": 147.24778396592575
        },
        {
            "from": "N13",
            "to": "N7",
            "SNR": 127.85526898347337
        },
        {
            "from": "N21",
            "to": "N7",
            "SNR": 116.045660726369
        },
        {
            "from": "N16",
            "to": "N7",
            "SNR": 112.82657002794438
        },
        {
            "from": "N19",
            "to": "N7",
            "SNR": 111.82699764597123
        },
        {
            "from": "N5",
            "to": "N7",
            "SNR": 106.23660834721603
        },
        {
            "from": "N35",
            "to": "N7",
            "SNR": 103.01302540746208
        },
        {
            "from": "N37",
            "to": "N7",
            "SNR": 102.90511665306826
        },
        {
            "from": "N48",
            "to": "N7",
            "SNR": 94.66618172819946
        },
        {
            "from": "N33",
            "to": "N7",