{
    "nodes": {
        "P1": {},
        "N1": {
            "x": -5470.104618949717,
            "y": 1037.511889031886,
            "RE": 13447.211858453195
        },
        "N2": {
            "x": -5469.517237940867,
            "y": 989.9048694927825,
            "RE": 12805.98742541886
        },
        "N3": {
            "x": -5438.206559758762,
            "y": 1035.0290158596706,
            "RE": 13409.092147631918
        },
        "N4": {
            "x": -5390.875076059153,
            "y": 1039.1551065585365,
            "RE": 13453.283945365181
        },
        "N5": {
            "x": -5393.065896954816,
            "y": 1040.8622872034382,
            "RE": 13097.743952874314
        },
        "N6": {
            "x": -5432.486556777376,
            "y": 1042.5015824797258,
            "RE": 13871.716358042588
        },
        "N7": {
            "x": -5443.642811224746,
            "y": 972.737232399998,
            "RE": 14141.748914207432
        },
        "N8": {
            "x": -5497.976059128811,
            "y": 794.8489712328691,
            "RE": 13930.356823705206
        },
        "N9": {
            "x": -5328.275723866668,
            "y": 1124.8013529971643,
            "RE": 13432.358192750364
        },
        "N10": {
            "x": -5522.980707871457,
            "y": 950.7128845737096,
            "RE": 14707.794200631864
        },
        "N11": {
            "x": -5411.890452247185,
            "y": 973.0395417277341,
            "RE": 14489.50673740335
        },
        "N12": {
            "x": -5380.487276952525,
            "y": 1056.807523086787,
            "RE": 12915.477479791023
        },
        "N13": {
            "x": -5516.414812828477,
            "y": 916.0420828959631,
            "RE": 11512.030254150033
        },
        "N14": {
            "x": -5524.934073243047,
            "y": 927.5090968616582,
            "RE": 13314.936120841148
        },
        "N15": {
            "x": -5498.880158010944,
            "y": 796.1501928492515,
            "RE": 12705.972281612789
        },
        "N16": {
            "x": -5503.140535690223,
            "y": 853.6609045164064,
            "RE": 13823.395004455428
        },
        "N17": {
            "x": -5459.566356492612,
            "y": 944.5138748217921,
            "RE": 14386.595284110372
        },
        "N18": {
            "x": -5329.224407312945,
            "y": 1163.9716386360958,
            "RE": 13649.543528848899
        },
        "N19": {
            "x": -5380.994751355099,
            "y": 1041.6138336766712,
            "RE": 14080.043110092136
        },
        "N20": {
            "x": -5459.383117879626,
            "y": 1024.5231517800692,
            "RE": 14293.521635551588
        },
        "N21": {
            "x": -5489.376363620113,
            "y": 764.1227986677111,
            "RE": 13862.977910282076
        },
        "N22": {
            "x": -5343.888232463647,
            "y": 1064.6120475675682,
            "RE": 14594.663675879163
        },
        "N23": {
            "x": -5441.347777490973,
            "y": 850.6647791297441,
            "RE": 13394.787783844364
        },
        "N24": {
            "x": -5501.732647658149,
            "y": 872.9076320876477,
            "RE": 12143.818673363003
        },
        "N25": {
            "x": -5477.535679849039,
            "y": 829.5541960951128,
            "RE": 13448.756907727935
        },
        "N26": {
            "x": -5411.785221164868,
            "y": 994.6004872284537,
            "RE": 13210.79340444423
        },
        "N27": {
            "x": -5509.077084640667,
            "y": 770.1473002738277,
            "RE": 11958.886910583104
        },
        "N28": {
            "x": -5423.152891709964,
            "y": 1048.846742656824,
            "RE": 13359.852341683385
        },
        "N29": {
            "x": -5411.017770345411,
            "y": 1061.286907914361,
            "RE": 13621.745374910093
        },
        "N30": {
            "x": -5461.493765107567,
            "y": 1040.8698372042134,
            "RE": 13303.04627866169
        },
        "N31": {
            "x": -5410.137357454276,
            "y": 1028.085153369029,
            "RE": 14447.462913100906
        },
        "N32": {
            "x": -5503.410186969652,
            "y": 853.5336591225084,
            "RE": 13249.030785815685
        },
        "N33": {
            "x": -5399.534267705276,
            "y": 954.193744651673,
            "RE": 12969.656494655706
        },
        "N34": {
            "x": -5389.269329439272,
            "y": 987.1562159259164,
            "RE": 12777.206162392298
        },
        "N35": {
            "x": -5411.735003725847,
            "y": 956.3939196164343,
            "RE": 13703.23137404438
        },
        "N36": {
            "x": -5507.866013439933,
            "y": 990.9779468636989,
            "RE": 12335.377344971117
        },
        "N37": {
            "x": -5400.504397780139,
            "y": 959.9291995480338,
            "RE": 11499.845366702371
        },
        "N38": {
            "x": -5511.43138661468,
            "y": 793.2413342953038,
            "RE": 13347.460400417747
        },
        "N39": {
            "x": -5429.30533538017,
            "y": 949.2289983133809,
            "RE": 14154.696384316518
        },
        "N40": {
            "x": -5476.269661520065,
            "y": 905.9996481864471,
            "RE": 13674.21161814516
        },
        "N41": {
            "x": -5385.668613294798,
            "y": 990.8585448050113,
            "RE": 12482.961608289006
        },
        "N42": {
            "x": -5506.025967741992,
            "y": 947.8447913134273,
            "RE": 14112.852236168837
        },
        "N43": {
            "x": -5472.871106712432,
            "y": 1059.0454266999493,
            "RE": 12064.22820904966
        },
        "N44": {
            "x": -5300.83645184773,
            "y": 1141.2869163347025,
            "RE": 12547.977416417512
        },
        "N45": {
            "x": -5496.351394212913,
            "y": 979.1494861478382,
            "RE": 12880.446737088938
        },
        "N46": {
            "x": -5379.804289352618,
            "y": 1019.4428083334606,
            "RE": 14266.029609380064
        },
        "N47": {
            "x": -5482.943213454666,
            "y": 945.7912912847573,
            "RE": 11674.995673563935
        },
        "N48": {
            "x": -5332.97258368704,
            "y": 1117.9461761188186,
            "RE": 12472.690860499582
        },
        "N49": {
            "x": -5339.770971820044,
            "y": 1085.5721456681285,
            "RE": 13068.751143195735
        },
        "N50": {
            "x": -5485.213036231722,
            "y": 805.9970580156597,
            "RE": 16059.862068173257
        },
        "N51": {
            "x": -5396.564600966788,
            "y": 1038.0506630075038,
            "RE": 13148.214481584468
        },
        "N52": {
            "x": -5412.009695474827,
            "y": 994.3362685422245,
            "RE": 15240.86086010209
        },
        "N53": {
            "x": -5478.744940424076,
            "y": 823.0776937218511,
            "RE": 13828.281020091936
        },
        "N54": {
            "x": -5412.659143200494,
            "y": 981.6878163424208,
            "RE": 12426.99570151439
        },
        "N55": {
            "x": -5320.100763953704,
            "y": 1133.0823570726536,
            "RE": 13122.497428325945
        },
        "N56": {
            "x": -5430.054430840942,
            "y": 1032.1659207906393,
            "RE": 12695.399270231686
        },
        "N57": {
            "x": -5456.600420911699,
            "y": 980.2902062224217,
            "RE": 14053.891296067897
        },
        "N58": {
            "x": -5453.93415395198,
            "y": 950.5057190964503,