{
    "32": {
        "Id": "2",
        "Name": "Naledi High School",
        "SNR": -116.22565317021737,
        "Energy": 1287.2936374891322,
        "Position": [
            27.831194,
            -26.2506089,
            7.0
        ],
        "Type": -1
    }
}