{
    "41": {
        "Id": "43",
        "Name": "Winnie Madikizela-Mandela School",
        "SNR": -105.3942055781717,
        "Energy": 1219.3280465208697,
        "Position": [
            27.8689629,
            -26.2729123,
            10.0
        ],
        "Type": -1
    }
}