{
    "48": {
        "Id": "74",
        "Name": "Makentse",
        "SNR": -107.764391596852,
        "Energy": 704.2703169723632,
        "Position": [
            27.8078506,
            -26.2374065,
            10.0
        ],
        "Type": -1
    }
}