{
    "58": {
        "Id": "30",
        "Name": "Ibhongo Secondary School",
        "SNR": -99.26057998901682,
        "Energy": 2117.6468558169954,
        "Position": [
            27.874548,
            -26.2725039,
            7.0
        ],
        "Type": -1
    }
}