{
    "52": {
        "Id": "3",
        "Name": "Megatong Primary School",
        "SNR": -121.33076921637073,
        "Energy": 1127.5924056616411,
        "Position": [
            27.8514,
            -26.27573,
            10.0
        ],
        "Type": -1
    }
}