{
    "17": {
        "Id": "17",
        "Name": "Mbusomusha Nursery & Pre - School",
        "SNR": -51.61992300647648,
        "Energy": 952.137749848928,
        "Position": [
            28.41581,
            -26.382723,
            7.0
        ],
        "Type": -1
    }
}