{
    "19": {
        "Id": "19",
        "Name": "duduza prototype early childhood development centre",
        "SNR": -114.16235241449013,
        "Energy": 1459.5918562296008,
        "Position": [
            28.4146388,
            -26.3777794,
            10.0
        ],
        "Type": -1
    }
}