{
    "14": {
        "Id": "14",
        "Name": "Thakgalang Primary School",
        "SNR": -94.00316829094142,
        "Energy": 1180.8481479988816,
        "Position": [
            28.41101,
            -26.3770199,
            10.0
        ],
        "Type": -1
    }
}