{
    "48": {
        "Id": "80",
        "Name": "Johannesburg Bible College",
        "SNR": -78.92331735447038,
        "Energy": 833.2512597354812,
        "Position": [
            27.9159,
            -26.25676,
            7.0
        ],
        "Type": -1
    }
}